<?xml version="1.0" encoding="UTF-8"?>
<project-private xmlns="http://www.netbeans.org/ns/project-private/1">
    <editor-bookmarks xmlns="http://www.netbeans.org/ns/editor-bookmarks/2" lastBookmarkId="0"/>
    <open-files xmlns="http://www.netbeans.org/ns/projectui-open-files/2">
        <group>
            <file>file:/E:/Reg_System%20of%20Softball%20Society/Reg_System_of_Softball_Society_in_SriLanka/src/View/ViewPlayer.java</file>
            <file>file:/E:/Reg_System%20of%20Softball%20Society/Reg_System_of_Softball_Society_in_SriLanka/src/View/ForgotPassword.java</file>
            <file>file:/E:/Reg_System%20of%20Softball%20Society/Reg_System_of_Softball_Society_in_SriLanka/src/View/CreateNewUser.java</file>
            <file>file:/E:/Reg_System%20of%20Softball%20Society/Reg_System_of_Softball_Society_in_SriLanka/src/View/Menu.java</file>
            <file>file:/E:/Reg_System%20of%20Softball%20Society/Reg_System_of_Softball_Society_in_SriLanka/src/View/ViewSociety.java</file>
            <file>file:/E:/Reg_System%20of%20Softball%20Society/Reg_System_of_Softball_Society_in_SriLanka/src/View/UpdatePlayer.java</file>
            <file>file:/E:/Reg_System%20of%20Softball%20Society/Reg_System_of_Softball_Society_in_SriLanka/src/Controller/InsertController.java</file>
            <file>file:/E:/Reg_System%20of%20Softball%20Society/Reg_System_of_Softball_Society_in_SriLanka/src/View/ViewAllPlayers.java</file>
            <file>file:/E:/Reg_System%20of%20Softball%20Society/Reg_System_of_Softball_Society_in_SriLanka/src/View/UserLogin.java</file>
            <file>file:/E:/Reg_System%20of%20Softball%20Society/Reg_System_of_Softball_Society_in_SriLanka/src/View/AddPlayer.java</file>
            <file>file:/E:/Reg_System%20of%20Softball%20Society/Reg_System_of_Softball_Society_in_SriLanka/src/View/Welcome.java</file>
            <file>file:/E:/Reg_System%20of%20Softball%20Society/Reg_System_of_Softball_Society_in_SriLanka/src/View/Register.java</file>
        </group>
    </open-files>
</project-private>
